Dijkstra;Type:Full;Vertices:10;16;;;;;;;;;;;;;;;;;;;;;;;Дейкстра;Флойд-Уоршелл;Беллманн-Форд;А-star;;
Dijkstra;Type:Full;Vertices:60;238;;;;;;;;;;;;;;;;;;;;;;Vertices:10;16;29;12;13;;Все алгоритмы при полном графе
Dijkstra;Type:Full;Vertices:110;549;;;;;;;;;;;;;;;;;;;;;;Vertices:60;238;4209;2207;135;;
Dijkstra;Type:Full;Vertices:160;1030;;;;;;;;;;;Дейкстра при полном графе;;;;;;;;;;;Vertices:110;549;24933;13483;314;;
Dijkstra;Type:Full;Vertices:210;1576;;;;;;;;;;;;;;;;;;;;;;Vertices:160;1030;76111;41370;597;;
Dijkstra;Type:Full;Vertices:260;2522;;;;;;;;;;;;;;;;;;;;;;Vertices:210;1576;168035;93809;955;;
Dijkstra;Type:Full;Vertices:310;3023;;;;;;;;;;;;;;;;;;;;;;Vertices:260;2522;318043;177825;1289;;
Dijkstra;Type:Full;Vertices:360;4459;;;;;;;;;;;;;;;;;;;;;;Vertices:310;3023;551456;301058;1678;;
Dijkstra;Type:Full;Vertices:410;4989;;;;;;;;;;;;;;;;;;;;;;Vertices:360;4459;841824;471608;2488;;
Dijkstra;Type:Full;Vertices:460;6449;;;;;;;;;;;;;;;;;;;;;;Vertices:410;4989;1235060;695848;2708;;
Dijkstra;Type:Full;Vertices:510;7353;;;;;;;;;;;;;;;;;;;;;;Vertices:460;6449;1756050;983719;3345;;
Dijkstra;Type:Full;Vertices:560;8303;;;;;;;;;;;;;;;;;;;;;;Vertices:510;7353;2358290;1348590;4029;;
Dijkstra;Type:Full;Vertices:610;10301;;;;;;;;;;;;;;;;;;;;;;Vertices:560;8303;3124760;1788430;4570;;
Dijkstra;Type:Full;Vertices:660;11307;;;;;;;;;;;;;;;;;;;;;;Vertices:610;10301;4018120;2308270;5448;;
Dijkstra;Type:Full;Vertices:710;14134;;;;;;;;;;;;;;;;;;;;;;Vertices:660;11307;5084700;2912390;6189;;
Dijkstra;Type:Full;Vertices:760;18735;;;;;;;;;;;;;;;;;;;;;;Vertices:710;14134;6382990;3620890;7049;;
Dijkstra;Type:Full;Vertices:810;21645;;;;;;;;;;;;;;;;;;;;;;Vertices:760;18735;7765280;4442760;7731;;
Dijkstra;Type:Full;Vertices:860;23871;;;;;;;;;;;;;;;;;;;;;;Vertices:810;21645;9492700;5388610;9217;;
Dijkstra;Type:Full;Vertices:910;25873;;;;;;;;;;;;;;;;;;;;;;Vertices:860;23871;11436800;6425710;9685;;
Dijkstra;Type:Full;Vertices:960;28655;;;;;;;;;;;;;;;;;;;;;;Vertices:910;25873;13347000;7617640;10980;;
Dijkstra;Type:Full;Vertices:1010;31263;;;;;;;;;;;;;;;;;;;;;;Vertices:960;28655;15616500;8990760;12012;;
Floyd-Warshall;Type:Full;Vertices:10;29;;;;;;;;;;;;;;;;;;;;;;Vertices:1010;31263;18339900;10454500;12757;;
Floyd-Warshall;Type:Full;Vertices:60;4209;;;;;;;;;;;;;;;;;;;;;;;;;;;;
Floyd-Warshall;Type:Full;Vertices:110;24933;;;;;;;;;;;Флойд-Уоршелл при полном графе;;;;;;;;;;;;;;;;;
Floyd-Warshall;Type:Full;Vertices:160;76111;;;;;;;;;;;;;;;;;;;;;;;;;;;;
Floyd-Warshall;Type:Full;Vertices:210;168035;;;;;;;;;;;;;;;;;;;;;;;;;;;;
Floyd-Warshall;Type:Full;Vertices:260;318043;;;;;;;;;;;;;;;;;;;;;;;;;;;;
Floyd-Warshall;Type:Full;Vertices:310;551456;;;;;;;;;;;;;;;;;;;;;;;;;;;;
Floyd-Warshall;Type:Full;Vertices:360;841824;;;;;;;;;;;;;;;;;;;;;;;;;;;;
Floyd-Warshall;Type:Full;Vertices:410;1235060;;;;;;;;;;;;;;;;;;;;;;;;;;;;
Floyd-Warshall;Type:Full;Vertices:460;1756050;;;;;;;;;;;;;;;;;;;;;;;;;;;;
Floyd-Warshall;Type:Full;Vertices:510;2358290;;;;;;;;;;;;;;;;;;;;;;;;;;;;
Floyd-Warshall;Type:Full;Vertices:560;3124760;;;;;;;;;;;;;;;;;;;;;;;;;;;;
Floyd-Warshall;Type:Full;Vertices:610;4018120;;;;;;;;;;;;;;;;;;;;;;;;;;;;
Floyd-Warshall;Type:Full;Vertices:660;5084700;;;;;;;;;;;;;;;;;;;;;;;;;;;;
Floyd-Warshall;Type:Full;Vertices:710;6382990;;;;;;;;;;;;;;;;;;;;;;;;;;;;
Floyd-Warshall;Type:Full;Vertices:760;7765280;;;;;;;;;;;;;;;;;;;;;;;;;;;;
Floyd-Warshall;Type:Full;Vertices:810;9492700;;;;;;;;;;;;;;;;;;;;;;;;;;;;
Floyd-Warshall;Type:Full;Vertices:860;11436800;;;;;;;;;;;;;;;;;;;;;;;;;;;Так как Дейкстра и А* слились с осью х, я их решил показать отдельно;
Floyd-Warshall;Type:Full;Vertices:910;13347000;;;;;;;;;;;;;;;;;;;;;;;Дейкстра;А-star;;;;
Floyd-Warshall;Type:Full;Vertices:960;15616500;;;;;;;;;;;;;;;;;;;;;;Vertices:10;16;13;;;;
Floyd-Warshall;Type:Full;Vertices:1010;18339900;;;;;;;;;;;;;;;;;;;;;;Vertices:60;238;135;;;;
Ford-Bellman;Type:Full;Vertices:10;12;;;;;;;;;;;;;;;;;;;;;;Vertices:110;549;314;;;;
Ford-Bellman;Type:Full;Vertices:60;2207;;;;;;;;;;;;;;;;;;;;;;Vertices:160;1030;597;;;;
Ford-Bellman;Type:Full;Vertices:110;13483;;;;;;;;;;;;;;;;;;;;;;Vertices:210;1576;955;;;;
Ford-Bellman;Type:Full;Vertices:160;41370;;;;;;;;;;;Беллман-Форд при полном графе;;;;;;;;;;;Vertices:260;2522;1289;;;;
Ford-Bellman;Type:Full;Vertices:210;93809;;;;;;;;;;;;;;;;;;;;;;Vertices:310;3023;1678;;;;
Ford-Bellman;Type:Full;Vertices:260;177825;;;;;;;;;;;;;;;;;;;;;;Vertices:360;4459;2488;;;;
Ford-Bellman;Type:Full;Vertices:310;301058;;;;;;;;;;;;;;;;;;;;;;Vertices:410;4989;2708;;;;
Ford-Bellman;Type:Full;Vertices:360;471608;;;;;;;;;;;;;;;;;;;;;;Vertices:460;6449;3345;;;;
Ford-Bellman;Type:Full;Vertices:410;695848;;;;;;;;;;;;;;;;;;;;;;Vertices:510;7353;4029;;;;
Ford-Bellman;Type:Full;Vertices:460;983719;;;;;;;;;;;;;;;;;;;;;;Vertices:560;8303;4570;;;;
Ford-Bellman;Type:Full;Vertices:510;1348590;;;;;;;;;;;;;;;;;;;;;;Vertices:610;10301;5448;;;;
Ford-Bellman;Type:Full;Vertices:560;1788430;;;;;;;;;;;;;;;;;;;;;;Vertices:660;11307;6189;;;;
Ford-Bellman;Type:Full;Vertices:610;2308270;;;;;;;;;;;;;;;;;;;;;;Vertices:710;14134;7049;;;;
Ford-Bellman;Type:Full;Vertices:660;2912390;;;;;;;;;;;;;;;;;;;;;;Vertices:760;18735;7731;;;;
Ford-Bellman;Type:Full;Vertices:710;3620890;;;;;;;;;;;;;;;;;;;;;;Vertices:810;21645;9217;;;;
Ford-Bellman;Type:Full;Vertices:760;4442760;;;;;;;;;;;;;;;;;;;;;;Vertices:860;23871;9685;;;;
Ford-Bellman;Type:Full;Vertices:810;5388610;;;;;;;;;;;;;;;;;;;;;;Vertices:910;25873;10980;;;;
Ford-Bellman;Type:Full;Vertices:860;6425710;;;;;;;;;;;;;;;;;;;;;;Vertices:960;28655;12012;;;;
Ford-Bellman;Type:Full;Vertices:910;7617640;;;;;;;;;;;;;;;;;;;;;;Vertices:1010;31263;12757;;;;
Ford-Bellman;Type:Full;Vertices:960;8990760;;;;;;;;;;;;;;;;;;;;;;;;;;;;
Ford-Bellman;Type:Full;Vertices:1010;10454500;;;;;;;;;;;;;;;;;;;;;;;;;;;;
A-star;Type:Full;Vertices:10;13;;;;;;;;;;;;;;;;;;;;;;;;;;;;
A-star;Type:Full;Vertices:60;135;;;;;;;;;;;;;;;;;;;;;;;;;;;;
A-star;Type:Full;Vertices:110;314;;;;;;;;;;;;;;;;;;;;;;;;;;;;
A-star;Type:Full;Vertices:160;597;;;;;;;;;;;A-star при полном графе;;;;;;;;;;;;;;;;;
A-star;Type:Full;Vertices:210;955;;;;;;;;;;;;;;;;;;;;;;;;;;;;
A-star;Type:Full;Vertices:260;1289;;;;;;;;;;;;;;;;;;;;;;;;;;;;
A-star;Type:Full;Vertices:310;1678;;;;;;;;;;;;;;;;;;;;;;;;;;;;
A-star;Type:Full;Vertices:360;2488;;;;;;;;;;;;;;;;;;;;;;;;;;;;
A-star;Type:Full;Vertices:410;2708;;;;;;;;;;;;;;;;;;;;;;;;;;;;
A-star;Type:Full;Vertices:460;3345;;;;;;;;;;;;;;;;;;;;;;;;;;;;
A-star;Type:Full;Vertices:510;4029;;;;;;;;;;;;;;;;;;;;;;;;;;;;
A-star;Type:Full;Vertices:560;4570;;;;;;;;;;;;;;;;;;;;;;;;;;;;
A-star;Type:Full;Vertices:610;5448;;;;;;;;;;;;;;;;;;;;;;;;;;;;
A-star;Type:Full;Vertices:660;6189;;;;;;;;;;;;;;;;;;;;;;;;;;;;
A-star;Type:Full;Vertices:710;7049;;;;;;;;;;;;;;;;;;;;;;;;;;;;
A-star;Type:Full;Vertices:760;7731;;;;;;;;;;;;;;;;;;;;;;;;;;;;
A-star;Type:Full;Vertices:810;9217;;;;;;;;;;;;;;;;;;;;;;;;;;;;
A-star;Type:Full;Vertices:860;9685;;;;;;;;;;;;;;;;;;;;;;;;;;;;Все алгоритмы при графе с плотностью 0.4 - 0.5
A-star;Type:Full;Vertices:910;10980;;;;;;;;;;;;;;;;;;;;;;;;;;;;
A-star;Type:Full;Vertices:960;12012;;;;;;;;;;;;;;;;;;;;;;;Дейкстра;Флойд-Уоршелл;Беллманн-Форд;А-star;;
A-star;Type:Full;Vertices:1010;12757;;;;;;;;;;;;;;;;;;;;;;Vertices:10;10;22;7;7;;
Dijkstra;Type:Semi;Vertices:10;10;;;;;;;;;;;;;;;;;;;;;;Vertices:60;149;3911;976;86;;
Dijkstra;Type:Semi;Vertices:60;149;;;;;;;;;;;;;;;;;;;;;;Vertices:110;358;25356;5534;205;;
Dijkstra;Type:Semi;Vertices:110;358;;;;;;;;;;;Дейкстра при графе с плотностью 0.4;;;;;;;;;;;Vertices:160;621;74160;16808;404;;
Dijkstra;Type:Semi;Vertices:160;621;;;;;;;;;;;;;;;;;;;;;;Vertices:210;926;165430;37496;592;;
Dijkstra;Type:Semi;Vertices:210;926;;;;;;;;;;;;;;;;;;;;;;Vertices:260;1338;313869;72863;861;;
Dijkstra;Type:Semi;Vertices:260;1338;;;;;;;;;;;;;;;;;;;;;;Vertices:310;1727;534641;120896;1192;;
Dijkstra;Type:Semi;Vertices:310;1727;;;;;;;;;;;;;;;;;;;;;;Vertices:360;2223;826513;190350;1568;;
Dijkstra;Type:Semi;Vertices:360;2223;;;;;;;;;;;;;;;;;;;;;;Vertices:410;2646;1227490;280882;1838;;
Dijkstra;Type:Semi;Vertices:410;2646;;;;;;;;;;;;;;;;;;;;;;Vertices:460;3275;1771650;399547;2056;;
Dijkstra;Type:Semi;Vertices:460;3275;;;;;;;;;;;;;;;;;;;;;;Vertices:510;3731;2400040;540447;2653;;
Dijkstra;Type:Semi;Vertices:510;3731;;;;;;;;;;;;;;;;;;;;;;Vertices:560;4365;3096400;716523;2856;;
Dijkstra;Type:Semi;Vertices:560;4365;;;;;;;;;;;;;;;;;;;;;;Vertices:610;4976;4000470;926357;3265;;
Dijkstra;Type:Semi;Vertices:610;4976;;;;;;;;;;;;;;;;;;;;;;Vertices:660;5656;5055130;1170940;3559;;
Dijkstra;Type:Semi;Vertices:660;5656;;;;;;;;;;;;;;;;;;;;;;Vertices:710;6393;6299030;1447790;4257;;
Dijkstra;Type:Semi;Vertices:710;6393;;;;;;;;;;;;;;;;;;;;;;Vertices:760;7181;7731030;1773020;4819;;
Dijkstra;Type:Semi;Vertices:760;7181;;;;;;;;;;;;;;;;;;;;;;Vertices:810;8046;9361600;2153230;5238;;
Dijkstra;Type:Semi;Vertices:810;8046;;;;;;;;;;;;;;;;;;;;;;Vertices:860;8878;11217900;2568350;5996;;
Dijkstra;Type:Semi;Vertices:860;8878;;;;;;;;;;;;;;;;;;;;;;Vertices:910;9785;13335400;3063190;6452;;
Dijkstra;Type:Semi;Vertices:910;9785;;;;;;;;;;;;;;;;;;;;;;Vertices:960;10799;15619500;3581270;7254;;
Dijkstra;Type:Semi;Vertices:960;10799;;;;;;;;;;;;;;;;;;;;;;Vertices:1010;11734;18231900;4197480;7952;;
Dijkstra;Type:Semi;Vertices:1010;11734;;;;;;;;;;;;;;;;;;;;;;;;;;;;
Floyd-Warshall;Type:Semi;Vertices:10;22;;;;;;;;;;;;;;;;;;;;;;;;;;;;
Floyd-Warshall;Type:Semi;Vertices:60;3911;;;;;;;;;;;Флойд-Уоршелл при графе с плотностью 0.4;;;;;;;;;;;;;;;;;
Floyd-Warshall;Type:Semi;Vertices:110;25356;;;;;;;;;;;;;;;;;;;;;;;;;;;;
Floyd-Warshall;Type:Semi;Vertices:160;74160;;;;;;;;;;;;;;;;;;;;;;;;;;;;
Floyd-Warshall;Type:Semi;Vertices:210;165430;;;;;;;;;;;;;;;;;;;;;;;;;;;;
Floyd-Warshall;Type:Semi;Vertices:260;313869;;;;;;;;;;;;;;;;;;;;;;;;;;;;
Floyd-Warshall;Type:Semi;Vertices:310;534641;;;;;;;;;;;;;;;;;;;;;;;;;;;;
Floyd-Warshall;Type:Semi;Vertices:360;826513;;;;;;;;;;;;;;;;;;;;;;;;;;;;
Floyd-Warshall;Type:Semi;Vertices:410;1227490;;;;;;;;;;;;;;;;;;;;;;;;;;;;
Floyd-Warshall;Type:Semi;Vertices:460;1771650;;;;;;;;;;;;;;;;;;;;;;;;;;;;
Floyd-Warshall;Type:Semi;Vertices:510;2400040;;;;;;;;;;;;;;;;;;;;;;;;;;;;
Floyd-Warshall;Type:Semi;Vertices:560;3096400;;;;;;;;;;;;;;;;;;;;;;;;;;;;
Floyd-Warshall;Type:Semi;Vertices:610;4000470;;;;;;;;;;;;;;;;;;;;;;;;;;;;
Floyd-Warshall;Type:Semi;Vertices:660;5055130;;;;;;;;;;;;;;;;;;;;;;;;;;;;
Floyd-Warshall;Type:Semi;Vertices:710;6299030;;;;;;;;;;;;;;;;;;;;;;;;;;;;
Floyd-Warshall;Type:Semi;Vertices:760;7731030;;;;;;;;;;;;;;;;;;;;;;;;;;;;
Floyd-Warshall;Type:Semi;Vertices:810;9361600;;;;;;;;;;;;;;;;;;;;;;;;;;;;
Floyd-Warshall;Type:Semi;Vertices:860;11217900;;;;;;;;;;;;;;;;;;;;;;;;;;;;
Floyd-Warshall;Type:Semi;Vertices:910;13335400;;;;;;;;;;;;;;;;;;;;;;;;;;;;
Floyd-Warshall;Type:Semi;Vertices:960;15619500;;;;;;;;;;;;;;;;;;;;;;;;;;;;
Floyd-Warshall;Type:Semi;Vertices:1010;18231900;;;;;;;;;;;;;;;;;;;;;;;;;;;;
Ford-Bellman;Type:Semi;Vertices:10;7;;;;;;;;;;;;;;;;;;;;;;;;;;;;
Ford-Bellman;Type:Semi;Vertices:60;976;;;;;;;;;;;;;;;;;;;;;;;;;;;;
Ford-Bellman;Type:Semi;Vertices:110;5534;;;;;;;;;;;Беллман-Форд при графе с плотностью 0.4;;;;;;;;;;;;;;;;;
Ford-Bellman;Type:Semi;Vertices:160;16808;;;;;;;;;;;;;;;;;;;;;;;;;;;;
Ford-Bellman;Type:Semi;Vertices:210;37496;;;;;;;;;;;;;;;;;;;;;;;;;;;;
Ford-Bellman;Type:Semi;Vertices:260;72863;;;;;;;;;;;;;;;;;;;;;;;;;;;;
Ford-Bellman;Type:Semi;Vertices:310;120896;;;;;;;;;;;;;;;;;;;;;;;;;;;;
Ford-Bellman;Type:Semi;Vertices:360;190350;;;;;;;;;;;;;;;;;;;;;;;;;;;;
Ford-Bellman;Type:Semi;Vertices:410;280882;;;;;;;;;;;;;;;;;;;;;;;;;;;;
Ford-Bellman;Type:Semi;Vertices:460;399547;;;;;;;;;;;;;;;;;;;;;;;;;;;;
Ford-Bellman;Type:Semi;Vertices:510;540447;;;;;;;;;;;;;;;;;;;;;;;;;;;;
Ford-Bellman;Type:Semi;Vertices:560;716523;;;;;;;;;;;;;;;;;;;;;;;;;;;;
Ford-Bellman;Type:Semi;Vertices:610;926357;;;;;;;;;;;;;;;;;;;;;;;;;;;;
Ford-Bellman;Type:Semi;Vertices:660;1170940;;;;;;;;;;;;;;;;;;;;;;;;;;;;
Ford-Bellman;Type:Semi;Vertices:710;1447790;;;;;;;;;;;;;;;;;;;;;;;;;;;;
Ford-Bellman;Type:Semi;Vertices:760;1773020;;;;;;;;;;;;;;;;;;;;;;;;;;;;
Ford-Bellman;Type:Semi;Vertices:810;2153230;;;;;;;;;;;;;;;;;;;;;;;;;;;;
Ford-Bellman;Type:Semi;Vertices:860;2568350;;;;;;;;;;;;;;;;;;;;;;;;;;;;
Ford-Bellman;Type:Semi;Vertices:910;3063190;;;;;;;;;;;;;;;;;;;;;;;;;;;;
Ford-Bellman;Type:Semi;Vertices:960;3581270;;;;;;;;;;;;;;;;;;;;;;;;;;;;
Ford-Bellman;Type:Semi;Vertices:1010;4197480;;;;;;;;;;;;;;;;;;;;;;;;;;;;
A-star;Type:Semi;Vertices:10;7;;;;;;;;;;;;;;;;;;;;;;;;;;;;
A-star;Type:Semi;Vertices:60;86;;;;;;;;;;;;;;;;;;;;;;;;;;;;
A-star;Type:Semi;Vertices:110;205;;;;;;;;;;;A-star при графе с плотностью 0.4;;;;;;;;;;;;;;;;;
A-star;Type:Semi;Vertices:160;404;;;;;;;;;;;;;;;;;;;;;;;;;;;;
A-star;Type:Semi;Vertices:210;592;;;;;;;;;;;;;;;;;;;;;;;;;;;;
A-star;Type:Semi;Vertices:260;861;;;;;;;;;;;;;;;;;;;;;;;;;;;;
A-star;Type:Semi;Vertices:310;1192;;;;;;;;;;;;;;;;;;;;;;;;;;;;
A-star;Type:Semi;Vertices:360;1568;;;;;;;;;;;;;;;;;;;;;;;;;;;;
A-star;Type:Semi;Vertices:410;1838;;;;;;;;;;;;;;;;;;;;;;;;;;;;
A-star;Type:Semi;Vertices:460;2056;;;;;;;;;;;;;;;;;;;;;;;;;;;;
A-star;Type:Semi;Vertices:510;2653;;;;;;;;;;;;;;;;;;;;;;;;;;;;
A-star;Type:Semi;Vertices:560;2856;;;;;;;;;;;;;;;;;;;;;;;;;;;;
A-star;Type:Semi;Vertices:610;3265;;;;;;;;;;;;;;;;;;;;;;;;;;;;
A-star;Type:Semi;Vertices:660;3559;;;;;;;;;;;;;;;;;;;;;;;;;;;;
A-star;Type:Semi;Vertices:710;4257;;;;;;;;;;;;;;;;;;;;;;;;;;;;
A-star;Type:Semi;Vertices:760;4819;;;;;;;;;;;;;;;;;;;;;;;;;;;;
A-star;Type:Semi;Vertices:810;5238;;;;;;;;;;;;;;;;;;;;;;;;;;;;
A-star;Type:Semi;Vertices:860;5996;;;;;;;;;;;;;;;;;;;;;;;;;;;;
A-star;Type:Semi;Vertices:910;6452;;;;;;;;;;;;;;;;;;;;;;;;;;;;
A-star;Type:Semi;Vertices:960;7254;;;;;;;;;;;;;;;;;;;;;;;;;;;;
A-star;Type:Semi;Vertices:1010;7952;;;;;;;;;;;;;;;;;;;;;;;;;;;;
Dijkstra;Type:Empty;Vertices:10;8;;;;;;;;;;;;;;;;;;;;;;;;;;;;
Dijkstra;Type:Empty;Vertices:60;45;;;;;;;;;;;Дейкстра при дереве;;;;;;;;;;;;;;;;;
Dijkstra;Type:Empty;Vertices:110;85;;;;;;;;;;;;;;;;;;;;;;;;;;;;
Dijkstra;Type:Empty;Vertices:160;124;;;;;;;;;;;;;;;;;;;;;;;;;;;;
Dijkstra;Type:Empty;Vertices:210;170;;;;;;;;;;;;;;;;;;;;;;;;;;;;
Dijkstra;Type:Empty;Vertices:260;210;;;;;;;;;;;;;;;;;;;;;;;;;;;;
Dijkstra;Type:Empty;Vertices:310;276;;;;;;;;;;;;;;;;;;;;;;;;;;;;
Dijkstra;Type:Empty;Vertices:360;364;;;;;;;;;;;;;;;;;;;;;;;;;;;;
Dijkstra;Type:Empty;Vertices:410;354;;;;;;;;;;;;;;;;;;;;;;;;;;;;
Dijkstra;Type:Empty;Vertices:460;382;;;;;;;;;;;;;;;;;;;;;;;;;;;;
Dijkstra;Type:Empty;Vertices:510;437;;;;;;;;;;;;;;;;;;;;;;;;;;;;
Dijkstra;Type:Empty;Vertices:560;487;;;;;;;;;;;;;;;;;;;;;;;;;;;;
Dijkstra;Type:Empty;Vertices:610;534;;;;;;;;;;;;;;;;;;;;;;;;;;;;
Dijkstra;Type:Empty;Vertices:660;559;;;;;;;;;;;;;;;;;;;;;;;;;;;;
Dijkstra;Type:Empty;Vertices:710;626;;;;;;;;;;;;;;;;;;;;;;;;;;;;
Dijkstra;Type:Empty;Vertices:760;674;;;;;;;;;;;;;;;;;;;;;;;;;;;;
Dijkstra;Type:Empty;Vertices:810;695;;;;;;;;;;;;;;;;;;;;;;;;;;;;
Dijkstra;Type:Empty;Vertices:860;751;;;;;;;;;;;;;;;;;;;;;;;;;;;;
Dijkstra;Type:Empty;Vertices:910;810;;;;;;;;;;;;;;;;;;;;;;;;;;;;
Dijkstra;Type:Empty;Vertices:960;876;;;;;;;;;;;;;;;;;;;;;;;;;;;;
Dijkstra;Type:Empty;Vertices:1010;909;;;;;;;;;;;;;;;;;;;;;;;;;;;;
Floyd-Warshall;Type:Empty;Vertices:10;24;;;;;;;;;;;Флойд-Уоршелл при дереве;;;;;;;;;;;;;;;;;
Floyd-Warshall;Type:Empty;Vertices:60;3850;;;;;;;;;;;;;;;;;;;;;;;;;;;;
Floyd-Warshall;Type:Empty;Vertices:110;23425;;;;;;;;;;;;;;;;;;;;;;;;;;;;
Floyd-Warshall;Type:Empty;Vertices:160;72213;;;;;;;;;;;;;;;;;;;;;;;;;;;;
Floyd-Warshall;Type:Empty;Vertices:210;162734;;;;;;;;;;;;;;;;;;;;;;;;;;;;
Floyd-Warshall;Type:Empty;Vertices:260;307861;;;;;;;;;;;;;;;;;;;;;;;;;;;;
Floyd-Warshall;Type:Empty;Vertices:310;521616;;;;;;;;;;;;;;;;;;;;;;;;;;;;
Floyd-Warshall;Type:Empty;Vertices:360;817045;;;;;;;;;;;;;;;;;;;;;;;;;;;;
Floyd-Warshall;Type:Empty;Vertices:410;1207260;;;;;;;;;;;;;;;;;;;;;;;;;;;;
Floyd-Warshall;Type:Empty;Vertices:460;1718130;;;;;;;;;;;;;;;;;;;;;;;;;;;;
Floyd-Warshall;Type:Empty;Vertices:510;2417130;;;;;;;;;;;;;;;;;;;;;;;;;;;;
Floyd-Warshall;Type:Empty;Vertices:560;3105030;;;;;;;;;;;;;;;;;;;;;;;;;;;;
Floyd-Warshall;Type:Empty;Vertices:610;4058180;;;;;;;;;;;;;;;;;;;;;;;;;;;;
Floyd-Warshall;Type:Empty;Vertices:660;5028470;;;;;;;;;;;;;;;;;;;;;;;;;;;;
Floyd-Warshall;Type:Empty;Vertices:710;6264910;;;;;;;;;;;;;;;;;;;;;;;;;;;;
Floyd-Warshall;Type:Empty;Vertices:760;7921940;;;;;;;;;;;;;;;;;;;;;;;;;;;;
Floyd-Warshall;Type:Empty;Vertices:810;9455340;;;;;;;;;;;;;;;;;;;;;;;;;;;;
Floyd-Warshall;Type:Empty;Vertices:860;11293600;;;;;;;;;;;;;;;;;;;;;;;;;;;;
Floyd-Warshall;Type:Empty;Vertices:910;13491300;;;;;;;;;;;;;;;;;;;;;;;;;;;;
Floyd-Warshall;Type:Empty;Vertices:960;15697900;;;;;;;;;;;;;;;;;;;;;;;;;;;;
Floyd-Warshall;Type:Empty;Vertices:1010;18417400;;;;;;;;;;;;;;;;;;;;;;;;;;;;
Ford-Bellman;Type:Empty;Vertices:10;4;;;;;;;;;;;;;;;;;;;;;;;;;;;;
Ford-Bellman;Type:Empty;Vertices:60;109;;;;;;;;;;;Беллман-Форд при дереве;;;;;;;;;;;;;;;;;
Ford-Bellman;Type:Empty;Vertices:110;373;;;;;;;;;;;;;;;;;;;;;;;;;;;;
Ford-Bellman;Type:Empty;Vertices:160;776;;;;;;;;;;;;;;;;;;;;;;;;;;;;
Ford-Bellman;Type:Empty;Vertices:210;1372;;;;;;;;;;;;;;;;;;;;;;;;;;;;
Ford-Bellman;Type:Empty;Vertices:260;2084;;;;;;;;;;;;;;;;;;;;;;;;;;;;
Ford-Bellman;Type:Empty;Vertices:310;2954;;;;;;;;;;;;;;;;;;;;;;;;;;;;
Ford-Bellman;Type:Empty;Vertices:360;3971;;;;;;;;;;;;;;;;;;;;;;;;;;;;
Ford-Bellman;Type:Empty;Vertices:410;5102;;;;;;;;;;;;;;;;;;;;;;;;;;;;
Ford-Bellman;Type:Empty;Vertices:460;6424;;;;;;;;;;;;;;;;;;;;;;;;;;;;
Ford-Bellman;Type:Empty;Vertices:510;7908;;;;;;;;;;;;;;;;;;;;;;;;;;;;
Ford-Bellman;Type:Empty;Vertices:560;9516;;;;;;;;;;;;;;;;;;;;;;;;;;;;
Ford-Bellman;Type:Empty;Vertices:610;11320;;;;;;;;;;;;;;;;;;;;;;;;;;;;
Ford-Bellman;Type:Empty;Vertices:660;13290;;;;;;;;;;;;;;;;;;;;;;;;;;;;
Ford-Bellman;Type:Empty;Vertices:710;15324;;;;;;;;;;;;;;;;;;;;;;;;;;;;
Ford-Bellman;Type:Empty;Vertices:760;17539;;;;;;;;;;;;;;;;;;;;;;;;;;;;
Ford-Bellman;Type:Empty;Vertices:810;19932;;;;;;;;;;;;;;;;;;;;;;;;;;;;
Ford-Bellman;Type:Empty;Vertices:860;22465;;;;;;;;;;;;;;;;;;;;;;;;;;;;
Ford-Bellman;Type:Empty;Vertices:910;25159;;;;;;;;;;;;;;;;;;;;;;;;;;;;
Ford-Bellman;Type:Empty;Vertices:960;27955;;;;;;;;;;;;;;;;;;;;;;;;;;;;
Ford-Bellman;Type:Empty;Vertices:1010;30999;;;;;;;;;;;;;;;;;;;;;;;;;;;;
A-star;Type:Empty;Vertices:10;11;;;;;;;;;;;;;;;;;;;;;;;;;;;;
A-star;Type:Empty;Vertices:60;25;;;;;;;;;;;A-star при дереве;;;;;;;;;;;;;;;;;
A-star;Type:Empty;Vertices:110;53;;;;;;;;;;;;;;;;;;;;;;;;;;;;
A-star;Type:Empty;Vertices:160;72;;;;;;;;;;;;;;;;;;;;;;;;;;;;
A-star;Type:Empty;Vertices:210;104;;;;;;;;;;;;;;;;;;;;;;;;;;;;
A-star;Type:Empty;Vertices:260;124;;;;;;;;;;;;;;;;;;;;;;;;;;;;
A-star;Type:Empty;Vertices:310;149;;;;;;;;;;;;;;;;;;;;;;;;;;;;
A-star;Type:Empty;Vertices:360;182;;;;;;;;;;;;;;;;;;;;;;;;;;;;
A-star;Type:Empty;Vertices:410;209;;;;;;;;;;;;;;;;;;;;;;;;;;;;
A-star;Type:Empty;Vertices:460;235;;;;;;;;;;;;;;;;;;;;;;;;;;;;
A-star;Type:Empty;Vertices:510;259;;;;;;;;;;;;;;;;;;;;;;;;;;;;
A-star;Type:Empty;Vertices:560;291;;;;;;;;;;;;;;;;;;;;;;;;;;;;
A-star;Type:Empty;Vertices:610;317;;;;;;;;;;;;;;;;;;;;;;;;;;;;
A-star;Type:Empty;Vertices:660;344;;;;;;;;;;;;;;;;;;;;;;;;;;;;
A-star;Type:Empty;Vertices:710;370;;;;;;;;;;;;;;;;;;;;;;;;;;;;
A-star;Type:Empty;Vertices:760;404;;;;;;;;;;;;;;;;;;;;;;;;;;;;
A-star;Type:Empty;Vertices:810;418;;;;;;;;;;;;;;;;;;;;;;;;;;;;
A-star;Type:Empty;Vertices:860;460;;;;;;;;;;;;;;;;;;;;;;;;;;;;
A-star;Type:Empty;Vertices:910;492;;;;;;;;;;;;;;;;;;;;;;;;;;;;
A-star;Type:Empty;Vertices:960;506;;;;;;;;;;;;;;;;;;;;;;;;;;;;
A-star;Type:Empty;Vertices:1010;562;;;;;;;;;;;;;;;;;;;;;;;;;;;;
